acceptedScientificName;Lugar;decimalLongitude;decimalLatitude;year;month;day;eventDate;occurrenceStatus ;DEP,,
Lontra felina (Molina, 1782);Quebrada Lagartijas;-71.54301;-17.2531;2022;11;24;NA;1;Arequipa,
Lontra felina (Molina, 1782);Quebrada Lobos;-71.55813;-17.25475;2022;11;24;NA;1;Arequipa,
Lontra felina (Molina, 1782);Quebrada Lobos;-71.55508;-17.25475;2022;11;24;NA;1;Arequipa,
Lontra felina (Molina, 1782);Quebrada Lobos;-71.55684;-17.2548;2022;11;24;NA;1;Arequipa,
Lontra felina (Molina, 1782);Peńón Lobos;-71.55902;-17.25639;2022;11;24;NA;1;Arequipa,
Lontra felina (Molina, 1782);Peńón Lobos;-71.56079;-17.25681;2022;11;24;NA;1;Arequipa,
Lontra felina (Molina, 1782);Quebrada Carrizales;-71.54916;-17.25691;2022;11;24;NA;1;Arequipa,
Lontra felina (Molina, 1782);Punta Carrizales;-71.54515;-17.25718;2022;11;24;NA;1;Arequipa,
Lontra felina (Molina, 1782);Quebrada Carrizales;-71.54847;-17.25725;2022;11;24;NA;1;Arequipa,
Lontra felina (Molina, 1782);Punta Lobos;-71.55277;-17.25727;2022;11;24;NA;1;Arequipa,
Lontra felina (Molina, 1782);Punta Lobos;-71.55142;-17.25763;2022;11;24;NA;1;Arequipa,
Lontra felina (Molina, 1782);Punta Acapulco;-71.52051;-17.26556;2022;11;24;NA;1;Arequipa,
Lontra felina (Molina, 1782);Punta Acapulco;-71.52101;-17.26585;2022;11;24;NA;1;Arequipa,
Lontra felina (Molina, 1782);Punta Acapulco;-71.52095;-17.26588;2022;11;24;NA;1;Arequipa,
Lontra felina (Molina, 1782);Punta Acapulco;-71.52574;-17.26772;2022;11;24;NA;1;Arequipa,
Lontra felina (Molina, 1782);Isla Grande;-71.52842;-17.26801;2022;11;24;NA;1;Arequipa,
Lontra felina (Molina, 1782);Acantilado Yerba Buena;-71.47317;-17.30827;2023;1;19;NA;1;Moquegua,
Lontra felina (Molina, 1782);Acantilado Yerba Buena;-71.47342;-17.30828;2022;11;26;NA;1;Moquegua,
Lontra felina (Molina, 1782);Acantilado Yerba Buena;-71.4732;-17.30832;2022;11;26;NA;1;Moquegua,
Lontra felina (Molina, 1782);Acantilado Yerba Buena;-71.47313;-17.30842;2023;1;19;NA;1;Moquegua,
Lontra felina (Molina, 1782);Acantilado Yerba Buena;-71.47332;-17.31244;2022;11;26;NA;1;Moquegua,
Lontra felina (Molina, 1782);Acantilado Yerba Buena;-71.4738;-17.31503;2023;1;19;NA;1;Moquegua,
Lontra felina (Molina, 1782);Acantilado Yerba Buena;-71.47396;-17.31589;2022;11;26;NA;1;Moquegua,
Lontra felina (Molina, 1782);Punta Yerba Buena;-71.47407;-17.31625;2023;1;19;NA;1;Moquegua,
Lontra felina (Molina, 1782);Punta Yerba Buena;-71.4738;-17.31944;2023;1;19;NA;1;Moquegua,
Lontra felina (Molina, 1782);Punta Yerba Buena;-71.47504;-17.31967;2022;11;26;NA;1;Moquegua,
Lontra felina (Molina, 1782);Playa Peńas;-71.46744;-17.32061;2023;1;19;NA;1;Moquegua,
Lontra felina (Molina, 1782);Playa Peńas;-71.46713;-17.32122;2022;11;26;NA;1;Moquegua,
Lontra felina (Molina, 1782);Playa Peńas;-71.46649;-17.32337;2022;11;26;NA;1;Moquegua,
Lontra felina (Molina, 1782);Playa Peńas;-71.46524;-17.32412;2023;1;19;NA;1;Moquegua,
Lontra felina (Molina, 1782);Playa Peńas;-71.46326;-17.32483;2023;1;19;NA;1;Moquegua,
Lontra felina (Molina, 1782);Playa Peńas;-71.46345;-17.32487;2022;11;26;NA;1;Moquegua,
Lontra felina (Molina, 1782);Playa Peńas;-71.46017;-17.32614;2023;1;19;NA;1;Moquegua,
Lontra felina (Molina, 1782);Playa El Azangarino;-71.45778;-17.3285;2022;11;26;NA;1;Moquegua,
Lontra felina (Molina, 1782);Acantilado Chagllanto;-71.45321;-17.3306;2022;11;26;NA;1;Moquegua,
Lontra felina (Molina, 1782);Acantilado Chagllanto;-71.45239;-17.33178;2023;1;19;NA;1;Moquegua,
Lontra felina (Molina, 1782);Punta Apacheta Norte;-71.43095;-17.35651;2023;1;20;NA;1;Moquegua,
Lontra felina (Molina, 1782);Punta Apacheta Norte;-71.43086;-17.35671;2022;11;28;NA;1;Moquegua,
Lontra felina (Molina, 1782);Punta Apacheta Norte;-71.43086;-17.35671;2022;11;28;NA;1;Moquegua,
Lontra felina (Molina, 1782);Punta Apacheta Norte;-71.43193;-17.35788;2022;11;28;NA;1;Moquegua,
Lontra felina (Molina, 1782);Punta Apacheta Norte;-71.43187;-17.35792;2023;1;20;NA;1;Moquegua,
Lontra felina (Molina, 1782);Punta Apacheta Norte;-71.43149;-17.35822;2022;11;28;NA;1;Moquegua,
Lontra felina (Molina, 1782);Punta Apacheta Norte;-71.43093;-17.35857;2023;1;20;NA;1;Moquegua,
Lontra felina (Molina, 1782);Punta Apacheta Norte;-71.43093;-17.35857;2023;1;20;NA;1;Moquegua,
Lontra felina (Molina, 1782);Punta Apacheta Norte;-71.43133;-17.36275;2022;11;28;NA;1;Moquegua,
Lontra felina (Molina, 1782);Punta Apacheta Norte;-71.43083;-17.36411;2023;1;20;NA;1;Moquegua,
Lontra felina (Molina, 1782);Punta Apacheta Norte;-71.43105;-17.36543;2023;1;20;NA;1;Moquegua,
Lontra felina (Molina, 1782);Punta Apacheta Sur;-71.43039;-17.36566;2023;1;20;NA;1;Moquegua,
Lontra felina (Molina, 1782);Quebrada Platanales;-71.41034;-17.37862;2023;1;19;NA;1;Moquegua,
Lontra felina (Molina, 1782);Quebrada Platanales;-71.41034;-17.37862;2023;1;19;NA;1;Moquegua,
Lontra felina (Molina, 1782);Quebrada Platanales;-71.40688;-17.38125;2022;11;26;NA;1;Moquegua,
Lontra felina (Molina, 1782);Playa Puerta Grande;-71.40533;-17.38135;2023;1;19;NA;1;Moquegua,
Lontra felina (Molina, 1782);Quebrada Platanales;-71.4069;-17.38196;2022;11;26;NA;1;Moquegua,
Lontra felina (Molina, 1782);Playa Puerta Grande;-71.40529;-17.3822;2022;11;26;NA;1;Moquegua,
Lontra felina (Molina, 1782);Playa Puerta Grande;-71.40513;-17.38221;2023;1;19;NA;1;Moquegua,
Lontra felina (Molina, 1782);Playa Puente;-71.40381;-17.38348;2023;1;19;NA;1;Moquegua,
Lontra felina (Molina, 1782);Peńas Platanales;-71.40228;-17.38422;2022;11;26;NA;1;Moquegua,
Lontra felina (Molina, 1782);Doble puerta;-71.40228;-17.38422;2023;1;19;NA;1;Moquegua,
Lontra felina (Molina, 1782);Punta Tres Puertas;-71.40377;-17.38462;2022;11;26;NA;1;Moquegua,
Lontra felina (Molina, 1782);Punta Cruz;-71.39943;-17.38627;2022;11;26;NA;1;Moquegua,
Lontra felina (Molina, 1782);Sendero Platanales;-71.39248;-17.38982;2022;11;26;NA;1;Moquegua,
Lontra felina (Molina, 1782);Sendero Platanales;-71.39352;-17.39217;2023;1;19;NA;1;Moquegua,
Lontra felina (Molina, 1782);Sendero Platanales;-71.39342;-17.39244;2022;11;26;NA;1;Moquegua,
Lontra felina (Molina, 1782);Puerto de Ilo;-71.34746;-17.64387;2022;11;27;NA;1;Moquegua,
Lontra felina (Molina, 1782);Punta Coles Norte;-71.37272;-17.69373;2023;1;23;NA;1;Moquegua,
Lontra felina (Molina, 1782);Punta Coles Sur;-71.3658;-17.69988;2023;1;24;NA;1;Moquegua,
Lontra felina (Molina, 1782);Punta Coles Norte;-71.37812;-17.70007;2023;1;23;NA;1;Moquegua,
Lontra felina (Molina, 1782);Punta Coles Sur;-71.3655;-17.70244;2023;1;24;NA;1;Moquegua,
Lontra felina (Molina, 1782);Punta Coles Norte;-71.37972;-17.70259;2023;1;23;NA;1;Moquegua,
Lontra felina (Molina, 1782);Punta Coles Sur;-71.36673;-17.70266;2023;1;24;NA;1;Moquegua,
Lontra felina (Molina, 1782);Punta Coles Sur;-71.36614;-17.70294;2023;1;24;NA;1;Moquegua,
Lontra felina (Molina, 1782);Punta Chorrillos;-71.1774;-17.7927;2022;11;25;NA;1;Moquegua,
Lontra felina (Molina, 1782);Punta Chorrillos;-71.1775;-17.7933;2023;1;22;NA;1;Moquegua,
Lontra felina (Molina, 1782);Punta Chorrillos;-71.17754;-17.79396;2022;11;25;NA;1;Moquegua,
Lontra felina (Molina, 1782);Playa La Higuera;-71.17664;-17.79551;2022;11;25;NA;1;Moquegua,
Lontra felina (Molina, 1782);Playa La Higuera;-71.17594;-17.79647;2023;1;22;NA;1;Moquegua,
Lontra felina (Molina, 1782);Playa La Higuera;-71.17618;-17.79677;2022;11;25;NA;1;Moquegua,
Lontra felina (Molina, 1782);Playa La Higuera;-71.17617;-17.79678;2022;11;25;NA;1;Moquegua,
Lontra felina (Molina, 1782);Playa La Higuera;-71.17574;-17.79816;2022;11;25;NA;1;Moquegua,
Lontra felina (Molina, 1782);Playa La Higuera;-71.17541;-17.79874;2023;1;22;NA;1;Moquegua,
Lontra felina (Molina, 1782);Playa La Higuera;-71.17469;-17.79954;2023;1;22;NA;1;Moquegua,
Lontra felina (Molina, 1782);Playa Tronco de Oro;-71.17186;-17.80267;2022;11;25;NA;1;Moquegua,
Lontra felina (Molina, 1782);Playa Tronco de Oro;-71.16959;-17.80399;2022;11;25;NA;1;Moquegua,
Lontra felina (Molina, 1782);Punta Tronco de Oro;-71.17337;-17.80409;2022;11;25;NA;1;Moquegua,
Lontra felina (Molina, 1782);Playa Tronco de Oro;-71.16981;-17.80808;2022;11;25;NA;1;Moquegua,
Lontra felina (Molina, 1782);Playa Rio Seco;-71.16914;-17.80951;2023;1;22;NA;1;Moquegua,
Lontra felina (Molina, 1782);Playa Rio Seco;-71.16357;-17.81281;2023;1;22;NA;1;Moquegua,
Lontra felina (Molina, 1782);Playa Rio Seco;-71.16404;-17.81298;2022;11;25;NA;1;Moquegua,
Lontra felina (Molina, 1782);Playa Rocosa de Picata;-71.10354;-17.85033;2023;1;22;NA;1;Tacna,
Lontra felina (Molina, 1782);Playa Rocosa de Picata;-71.10407;-17.85127;2023;1;22;NA;1;Tacna,
Lontra felina (Molina, 1782);Lechucera;-71.10236;-17.85448;2023;1;22;NA;1;Tacna,
Lontra felina (Molina, 1782);Punta Picata;-71.09694;-17.86805;2023;1;22;NA;1;Tacna,
Lontra felina (Molina, 1782);Punta Picata;-71.09694;-17.86805;2023;1;22;NA;1;Tacna,
Lontra felina (Molina, 1782);Punta Picata;-71.09714;-17.86821;2023;1;22;NA;1;Tacna,
Lontra felina (Molina, 1782);Puerto Grau;-70.88438;-17.99422;2022;11;28;NA;1;Tacna,
Lontra felina (Molina, 1782);Puerto Grau;-70.88436;-17.99443;2023;1;23;NA;1;Tacna,
Lontra felina (Molina, 1782);Punta El Faro;-70.88715;-18.00727;2023;1;23;NA;1;Tacna,
Lontra felina (Molina, 1782);Islote Santa Rosa;-70.88066;-18.01187;2022;11;28;NA;1;Tacna,
Lontra felina (Molina, 1782);Islote Santa Rosa;-70.88056;-18.01231;2022;11;28;NA;1;Tacna,
Lontra felina (Molina, 1782);Islote Santa Rosa;-70.88024;-18.01244;2022;11;28;NA;1;Tacna,
Lontra felina (Molina, 1782);Islote Santa Rosa;-70.88024;-18.01244;2022;11;28;NA;1;Tacna,
Lontra felina (Molina, 1782);Islote Santa Rosa;-70.88025;-18.01248;2023;1;23;NA;1;Tacna,
Lontra felina (Molina, 1782);Islote Santa Rosa;-70.88025;-18.01248;2023;1;23;NA;1;Tacna,
Lontra felina (Molina, 1782);Islote Santa Rosa;-70.88025;-18.01248;2023;1;23;NA;1;Tacna,
Lontra felina (Molina, 1782);Islote Santa Rosa;-70.88025;-18.01248;2023;1;23;NA;1;Tacna,
Lontra felina (Molina, 1782);Quebrada Morro Sama;-70.87381;-18.01277;2022;11;28;NA;1;Tacna,
Lontra felina (Molina, 1782);Quebrada Morro Sama;-70.8756;-18.01416;2022;11;28;NA;1;Tacna,
Lontra felina (Molina, 1782);Quebrada Morro Sama;-70.87287;-18.01459;2023;1;23;NA;1;Tacna,
Lontra felina (Molina, 1782);Vila Vila;-70.72932;-18.11851;2023;1;23;NA;1;Tacna,
Lontra felina (Molina, 1782);Agua Dulce;-70.85424;-18.02643;2022;11;28;NA;1;Tacna,
Lontra felina (Molina, 1782);Agua Dulce;-70.85236;-18.02604;2023;1;23;NA;1;Tacna,
Lontra felina (Molina, 1782);Agua Dulce;-70.85571;-18.02592;2022;11;28;NA;1;Tacna,
Lontra felina (Molina, 1782);Agua Dulce;-70.8558;-18.02556;2023;1;23;NA;1;Tacna,
Lontra felina (Molina, 1782);Agua Dulce;-70.85622;-18.02496;2022;11;28;NA;1;Tacna,
Lontra felina (Molina, 1782);Agua Dulce;-70.85777;-18.0244;2022;11;28;NA;1;Tacna,
Lontra felina (Molina, 1782);Agua Dulce;-70.85783;-18.02431;2023;1;23;NA;1;Tacna,
Lontra felina (Molina, 1782);Agua Dulce;-70.85807;-18.02404;2023;1;23;NA;1;Tacna,
Lontra felina (Molina, 1782);Agua Dulce;-70.85868;-18.02327;2023;1;23;NA;1;Tacna,
Lontra felina (Molina, 1782);Agua Dulce;-70.85876;-18.02287;2023;1;23;NA;1;Tacna,
Lontra felina (Molina, 1782);Agua Dulce;-70.85923288;-18.022869;2022;10;5;NA;1;Tacna,
Lontra felina (Molina, 1782);Agua Dulce;-70.85923288;-18.022869;2022;10;5;NA;1;Tacna,
Lontra felina (Molina, 1782);Agua Dulce;-70.85923288;-18.022869;2022;10;5;NA;1;Tacna,
Lontra felina (Molina, 1782);Agua Dulce;-70.85923288;-18.022869;2022;10;5;NA;1;Tacna,
Lontra felina (Molina, 1782);Agua Dulce;-70.85923288;-18.022869;2022;10;5;NA;1;Tacna,
Lontra felina (Molina, 1782);Agua Dulce;-70.86008;-18.02246;2023;1;23;NA;1;Tacna,
Lontra felina (Molina, 1782);Agua Dulce;-70.85981395;-18.022448;2022;7;23;NA;1;Tacna,
Lontra felina (Molina, 1782);Agua Dulce;-70.85977;-18.02242;2023;1;23;NA;1;Tacna,
Lontra felina (Molina, 1782);Agua Dulce;-70.86049057;-18.022134;2022;7;23;NA;1;Tacna,
Lontra felina (Molina, 1782);Agua Dulce;-70.86049057;-18.022134;2022;7;23;NA;1;Tacna,
Lontra felina (Molina, 1782);Agua Dulce;-70.86055;-18.02163;2022;11;28;NA;1;Tacna,
Lontra felina (Molina, 1782);Agua Dulce;-70.8609653;-18.021479;2022;7;23;NA;1;Tacna,
Lontra felina (Molina, 1782);Agua Dulce;-70.86116;-18.02123;2023;1;23;NA;1;Tacna,
Lontra felina (Molina, 1782);Agua Dulce;-70.86121616;-18.021088;2022;7;23;NA;1;Tacna,
Lontra felina (Molina, 1782);Agua Dulce;-70.86136;-18.02098;2023;1;23;NA;1;Tacna,
Lontra felina (Molina, 1782);Agua Dulce;-70.86145796;-18.020734;2022;10;5;NA;1;Tacna,
Lontra felina (Molina, 1782);Agua Dulce;-70.86157653;-18.020335;2022;7;23;NA;1;Tacna,
Lontra felina (Molina, 1782);Agua Dulce;-70.86199171;-18.020304;2022;7;23;NA;1;Tacna,
Lontra felina (Molina, 1782);Lobera Agua Dulce;-70.86356847;-18.02028;2022;7;23;NA;1;Tacna,
Lontra felina (Molina, 1782);Agua Dulce;-70.86183949;-18.020197;2022;7;23;NA;1;Tacna,
Lontra felina (Molina, 1782);Lobera Sur;-70.86327731;-18.019533;2022;10;5;NA;1;Tacna,
Lontra felina (Molina, 1782);Lobera Agua Dulce;-70.86327;-18.01946;2023;1;23;NA;1;Tacna,
Lontra felina (Molina, 1782);Lobera Agua Dulce;-70.86684;-18.01883;2023;1;23;NA;1;Tacna,
Lontra felina (Molina, 1782);Lobera Agua Dulce;-70.86688;-18.01879;2022;11;28;NA;1;Tacna,
Lontra felina (Molina, 1782);Lobera;-70.86860588;-18.017991;2022;10;5;NA;1;Tacna,
Lontra felina (Molina, 1782);Quebrada Morro Sama;-70.86866559;-18.017385;2022;7;23;NA;1;Tacna,
Lontra felina (Molina, 1782);Lobera Agua Dulce;-70.8688;-18.01721;2023;1;23;NA;1;Tacna,
Lontra felina (Molina, 1782);Lobera Norte;-70.87137213;-18.017042;2022;10;5;NA;1;Tacna,
Lontra felina (Molina, 1782);Islote Santa Rosa;-70.87674694;-18.014533;2022;10;5;NA;1;Tacna,
Lontra felina (Molina, 1782);Islote Santa Rosa;-70.87855672;-18.014226;2022;7;23;NA;1;Tacna,
Lontra felina (Molina, 1782);Islote Santa Rosa;-70.87531567;-18.014023;2022;10;5;NA;1;Tacna,
Lontra felina (Molina, 1782);Quebrada Morro Sama;-70.87449002;-18.013633;2022;7;23;NA;1;Tacna,
Lontra felina (Molina, 1782);Islote Santa Rosa;-70.87980726;-18.012832;2022;7;23;NA;1;Tacna,
Lontra felina (Molina, 1782);Islote Santa Rosa;-70.88037041;-18.01251;2022;10;5;NA;1;Tacna,
Lontra felina (Molina, 1782);Islote Santa Rosa;-70.88057583;-18.012291;2022;7;23;NA;1;Tacna,
Lontra felina (Molina, 1782);Islote Santa Rosa;-70.88064164;-18.012263;2022;10;5;NA;1;Tacna,
Lontra felina (Molina, 1782);Islote Santa Rosa;-70.88064164;-18.012263;2022;10;5;NA;1;Tacna,
Lontra felina (Molina, 1782);Islote Santa Rosa;-70.88168309;-18.010745;2022;7;23;NA;1;Tacna,
Lontra felina (Molina, 1782);Islote Santa Rosa;-70.88276729;-18.009695;2022;10;5;NA;1;Tacna,
Lontra felina (Molina, 1782);Puerto Grau;-70.8841627;-17.99528;2022;7;23;NA;1;Tacna,
Lontra felina (Molina, 1782);Puerto Grau;-70.8841627;-17.99528;2022;7;23;NA;1;Tacna,
Lontra felina (Molina, 1782);Puerto Grau;-70.88433171;-17.994303;2022;5;20;NA;1;Tacna,
Lontra felina (Molina, 1782);Puerto Grau;-70.88433171;-17.994303;2022;5;20;NA;1;Tacna,
Lontra felina (Molina, 1782);Punta Picata;-71.09690976;-17.868383;2022;7;24;NA;1;Tacna,
Lontra felina (Molina, 1782);Punta Picata;-71.09724627;-17.868118;2022;9;30;NA;1;Tacna,
Lontra felina (Molina, 1782);Punta Picata;-71.0973406;-17.868117;2022;7;24;NA;1;Tacna,
Lontra felina (Molina, 1782);Punta Picata;-71.09746227;-17.868034;2022;9;30;NA;1;Tacna,
Lontra felina (Molina, 1782);Punta Picata;-71.09742433;-17.868016;2022;7;24;NA;1;Tacna,
Lontra felina (Molina, 1782);Desembarcadero Artesanal;-71.09610172;-17.867859;2022;7;24;NA;1;Tacna,
Lontra felina (Molina, 1782);Desembarcadero Artesanal;-71.09552462;-17.867721;2022;5;20;NA;1;Tacna,
Lontra felina (Molina, 1782);Desembarcadero Artesanal;-71.09552462;-17.867721;2022;7;24;NA;1;Tacna,
Lontra felina (Molina, 1782);Glorieta de Punta Picata;-71.09732216;-17.867349;2022;7;24;NA;1;Tacna,
Lontra felina (Molina, 1782);Glorieta de Punta Picata;-71.09715556;-17.866514;2022;5;20;NA;1;Tacna,
Lontra felina (Molina, 1782);Glorieta de Punta Picata;-71.09715556;-17.866514;2022;5;20;NA;1;Tacna,
Lontra felina (Molina, 1782);Glorieta de Punta Picata;-71.09724532;-17.866428;2022;7;24;NA;1;Tacna,
Lontra felina (Molina, 1782);Glorieta de Punta Picata;-71.09724521;-17.866419;2022;7;24;NA;1;Tacna,
Lontra felina (Molina, 1782);Glorieta de Punta Picata;-71.09728199;-17.865534;2022;9;30;NA;1;Tacna,
Lontra felina (Molina, 1782);Playa Picata;-71.09692461;-17.86402;2022;9;30;NA;1;Tacna,
Lontra felina (Molina, 1782);Playa Picata;-71.09756095;-17.861971;2022;5;20;NA;1;Tacna,
Lontra felina (Molina, 1782);Caleta la Zonza;-71.09881027;-17.859103;2022;9;30;NA;1;Tacna,
Lontra felina (Molina, 1782);Punta Apacheta Norte;-71.09877222;-17.859077;2022;10;1;NA;1;Moquegua,
Lontra felina (Molina, 1782);Caleta la Zonza;-71.09848797;-17.855755;2022;5;20;NA;1;Tacna,
Lontra felina (Molina, 1782);Lechucera;-71.10227681;-17.853862;2022;5;20;NA;1;Tacna,
Lontra felina (Molina, 1782);Playa Rocosa de Picata;-71.10422187;-17.85161;2022;5;20;NA;1;Tacna,
Lontra felina (Molina, 1782);Playa Rocosa de Picata;-71.10411419;-17.851277;2022;7;24;NA;1;Tacna,
Lontra felina (Molina, 1782);Punta Icuy;-71.15291293;-17.818477;2022;5;23;NA;1;Moquegua,
Lontra felina (Molina, 1782);Punta Icuy;-71.15560293;-17.817869;2022;10;6;NA;1;Moquegua,
Lontra felina (Molina, 1782);Punta Icuy;-71.15441173;-17.817629;2022;10;6;NA;1;Moquegua,
Lontra felina (Molina, 1782);Punta Icuy;-71.15789095;-17.815992;2022;10;6;NA;1;Moquegua,
Lontra felina (Molina, 1782);Punta Icuy;-71.15914409;-17.815111;2022;5;23;NA;1;Moquegua,
Lontra felina (Molina, 1782);Punta Cordel;-71.15916284;-17.815101;2022;7;21;NA;1;Arequipa,
Lontra felina (Molina, 1782);Punta Cordel;-71.15916284;-17.815101;2022;7;21;NA;1;Arequipa,
Lontra felina (Molina, 1782);Playa Rio Seco;-71.16406959;-17.812978;2022;10;6;NA;1;Moquegua,
Lontra felina (Molina, 1782);Playa Rio Seco;-71.16406959;-17.812978;2022;10;6;NA;1;Moquegua,
Lontra felina (Molina, 1782);Playa Rio Seco;-71.16520375;-17.81162;2022;5;23;NA;1;Moquegua,
Lontra felina (Molina, 1782);Playa Rio Seco;-71.16527558;-17.811321;2022;7;24;NA;1;Moquegua,
Lontra felina (Molina, 1782);Playa Rio Seco;-71.165802;-17.81118;2022;10;6;NA;1;Moquegua,
Lontra felina (Molina, 1782);Playa Rio Seco;-71.16828481;-17.81061;2022;5;23;NA;1;Moquegua,
Lontra felina (Molina, 1782);Playa Rio Seco;-71.16799767;-17.810261;2022;5;23;NA;1;Moquegua,
Lontra felina (Molina, 1782);Playa Tronco de Oro;-71.16976303;-17.808073;2022;10;6;NA;1;Moquegua,
Lontra felina (Molina, 1782);Playa Tronco de Oro;-71.16942812;-17.806894;2022;5;23;NA;1;Moquegua,
Lontra felina (Molina, 1782);Playa Tronco de Oro;-71.16947592;-17.804608;2022;5;23;NA;1;Moquegua,
Lontra felina (Molina, 1782);Playa Tronco de Oro;-71.16843578;-17.804375;2022;7;24;NA;1;Moquegua,
Lontra felina (Molina, 1782);Punta Tronco de Oro;-71.17265012;-17.804292;2022;10;6;NA;1;Moquegua,
Lontra felina (Molina, 1782);Playa Tronco de Oro;-71.17139489;-17.80343;2022;5;23;NA;1;Moquegua,
Lontra felina (Molina, 1782);Playa Tronco de Oro;-71.1720638;-17.803378;2022;5;23;NA;1;Moquegua,
Lontra felina (Molina, 1782);Punta Tronco de Oro;-71.17453167;-17.803142;2022;7;24;NA;1;Moquegua,
Lontra felina (Molina, 1782);Punta Tronco de Oro;-71.1743784;-17.802945;2022;5;23;NA;1;Moquegua,
Lontra felina (Molina, 1782);Punta Tronco de Oro;-71.17574494;-17.802876;2022;10;6;NA;1;Moquegua,
Lontra felina (Molina, 1782);Playa Tronco de Oro;-71.17181056;-17.802712;2022;10;6;NA;1;Moquegua,
Lontra felina (Molina, 1782);Punta Tronco de Oro;-71.17565823;-17.801946;2022;5;23;NA;1;Moquegua,
Lontra felina (Molina, 1782);Playa La Higuera;-71.17478126;-17.800393;2022;10;6;NA;1;Moquegua,
Lontra felina (Molina, 1782);Playa La Higuera;-71.17446059;-17.799611;2022;7;24;NA;1;Moquegua,
Lontra felina (Molina, 1782);Playa La Higuera;-71.17494706;-17.799289;2022;5;23;NA;1;Moquegua,
Lontra felina (Molina, 1782);Playa La Higuera;-71.17573273;-17.79798;2022;7;24;NA;1;Moquegua,
Lontra felina (Molina, 1782);Playa La Higuera;-71.17605868;-17.797642;2022;5;23;NA;1;Moquegua,
Lontra felina (Molina, 1782);Playa La Higuera;-71.17629814;-17.796393;2022;7;24;NA;1;Moquegua,
Lontra felina (Molina, 1782);Punta Chorrillos;-71.17726876;-17.794006;2022;7;24;NA;1;Moquegua,
Lontra felina (Molina, 1782);Punta Chorrillos;-71.1774046;-17.793544;2022;7;24;NA;1;Moquegua,
Lontra felina (Molina, 1782);Punta Chorrillos;-71.17717899;-17.792047;2022;7;24;NA;1;Moquegua,
Lontra felina (Molina, 1782);Playa Gentilar;-71.37178437;-17.693127;2022;5;23;NA;1;Moquegua,
Lontra felina (Molina, 1782);Playa Gentilar;-71.37328093;-17.687256;2022;7;22;NA;1;Moquegua,
Lontra felina (Molina, 1782);Corralitos;-71.36147706;-17.668755;2022;10;4;NA;1;Moquegua,
Lontra felina (Molina, 1782);Corralitos;-71.36147706;-17.668755;2022;10;4;NA;1;Moquegua,
Lontra felina (Molina, 1782);Corralitos;-71.36147706;-17.668755;2022;10;4;NA;1;Moquegua,
Lontra felina (Molina, 1782);Corralitos;-71.36147706;-17.668755;2022;10;4;NA;1;Moquegua,
Lontra felina (Molina, 1782);Corralitos;-71.36147706;-17.668755;2022;10;4;NA;1;Moquegua,
Lontra felina (Molina, 1782);Caleta Cata Cata;-71.36030544;-17.664894;2022;7;22;NA;1;Moquegua,
Lontra felina (Molina, 1782);Caleta Cata Cata;-71.35823881;-17.663924;2022;5;19;NA;1;Moquegua,
Lontra felina (Molina, 1782);Playa Tres Hermanas;-71.35847787;-17.662748;2022;5;19;NA;1;Moquegua,
Lontra felina (Molina, 1782);Playa Calienta Negros;-71.35812804;-17.659762;2022;7;22;NA;1;Moquegua,
Lontra felina (Molina, 1782);Playa Calienta Negros;-71.35812804;-17.659762;2022;7;22;NA;1;Moquegua,
Lontra felina (Molina, 1782);Playa Tres Hermanas;-71.35531002;-17.65752;2022;5;23;NA;1;Moquegua,
Lontra felina (Molina, 1782);Playa Puerto Inglés;-71.35541258;-17.657437;2022;5;19;NA;1;Moquegua,
Lontra felina (Molina, 1782);Playa Puerto Inglés;-71.35541258;-17.657437;2022;10;4;NA;1;Moquegua,
Lontra felina (Molina, 1782);Playa Tres Hermanas;-71.3518751;-17.654201;2022;7;22;NA;1;Moquegua,
Lontra felina (Molina, 1782);Parque del Nińo;-71.34745493;-17.643911;2022;7;22;NA;1;Moquegua,
Lontra felina (Molina, 1782);Puerto de Ilo;-71.3474162;-17.64383;2022;5;19;NA;1;Moquegua,
Lontra felina (Molina, 1782);Acantilado Yerba Buena;-71.34734061;-17.643813;2022;10;7;NA;1;Moquegua,
Lontra felina (Molina, 1782);Puerto de Ilo;-71.347312;-17.643786;2022;10;6;NA;1;Moquegua,
Lontra felina (Molina, 1782);Puerto de Ilo;-71.347312;-17.643786;2022;10;6;NA;1;Moquegua,
Lontra felina (Molina, 1782);Puerto de Ilo;-71.347312;-17.643786;2022;10;6;NA;1;Moquegua,
Lontra felina (Molina, 1782);Playa La Glorieta;-71.34552077;-17.64369;2022;5;19;NA;1;Moquegua,
Lontra felina (Molina, 1782);Puerto de Ilo;-71.34684518;-17.643385;2022;7;22;NA;1;Moquegua,
Lontra felina (Molina, 1782);Puerto de Ilo;-71.34680726;-17.643368;2022;7;22;NA;1;Moquegua,
Lontra felina (Molina, 1782);Puerto de Ilo;-71.34680726;-17.643368;2022;7;22;NA;1;Moquegua,
Lontra felina (Molina, 1782);Parque del Nińo;-71.3426965;-17.638747;2022;7;22;NA;1;Moquegua,
Lontra felina (Molina, 1782);Parque del Nińo;-71.34308211;-17.638697;2022;5;23;NA;1;Moquegua,
Lontra felina (Molina, 1782);Parque del Nińo;-71.34313;-17.63868;2022;5;19;NA;1;Moquegua,
Lontra felina (Molina, 1782);Parque del nino;-71.34312897;-17.638678;2022;10;4;NA;1;Moquegua,
Lontra felina (Molina, 1782);Le Grand Hotel Ilo;-71.34312897;-17.638678;2022;10;4;NA;1;Moquegua,
Lontra felina (Molina, 1782);Playa Pozo de la Lechuga;-71.34259722;-17.636547;2022;11;27;NA;1;Moquegua,
Lontra felina (Molina, 1782);Playa Peńa Blanca;-71.34279747;-17.627608;2022;5;19;NA;1;Moquegua,
Lontra felina (Molina, 1782);Playa La Poza de la Guarocha;-71.34458009;-17.626322;2022;5;19;NA;1;Moquegua,
Lontra felina (Molina, 1782);Gentilares;-71.34458009;-17.626322;2022;10;4;NA;1;Moquegua,
Lontra felina (Molina, 1782);Sendero Platanales;-71.39239297;-17.395471;2022;7;25;NA;1;Moquegua,
Lontra felina (Molina, 1782);Sendero Platanales;-71.39274644;-17.392992;2022;5;21;NA;1;Moquegua,
Lontra felina (Molina, 1782);Sendero Platanales;-71.39353057;-17.392522;2022;5;21;NA;1;Moquegua,
Lontra felina (Molina, 1782);Platanales;-71.39327908;-17.391269;2022;10;7;NA;1;Moquegua,
Lontra felina (Molina, 1782);Playa Platanales;-71.39345851;-17.390599;2022;5;21;NA;1;Moquegua,
Lontra felina (Molina, 1782);Punta Cruz;-71.39938579;-17.386309;2022;7;25;NA;1;Moquegua,
Lontra felina (Molina, 1782);Punta Tres Puertas;-71.40416897;-17.385195;2022;5;21;NA;1;Moquegua,
Lontra felina (Molina, 1782);Punta Tres Puertas;-71.4042347;-17.385185;2022;5;21;NA;1;Moquegua,
Lontra felina (Molina, 1782);Punta Tres Puertas;-71.40395461;-17.384628;2022;7;25;NA;1;Moquegua,
Lontra felina (Molina, 1782);Playa Puerta Grande;-71.40485584;-17.383046;2022;5;21;NA;1;Moquegua,
Lontra felina (Molina, 1782);Platanales;-71.40650769;-17.380596;2022;10;7;NA;1;Moquegua,
Lontra felina (Molina, 1782);Punta Apacheta Sur;-71.43045741;-17.365601;2022;10;1;NA;1;Moquegua,
Lontra felina (Molina, 1782);Punta Apacheta Norte;-71.43148204;-17.365553;2022;7;26;NA;1;Moquegua,
Lontra felina (Molina, 1782);Punta Apacheta Sur;-71.4308874;-17.365397;2022;10;1;NA;1;Moquegua,
Lontra felina (Molina, 1782);Punta Apacheta Norte;-71.43100382;-17.364953;2022;10;1;NA;1;Moquegua,
Lontra felina (Molina, 1782);Punta Apacheta Sur;-71.42987265;-17.364768;2022;7;26;NA;1;Moquegua,
Lontra felina (Molina, 1782);Punta Apacheta Sur;-71.42987265;-17.364768;2022;7;26;NA;1;Moquegua,
Lontra felina (Molina, 1782);Punta Apacheta Sur;-71.42988146;-17.364723;2022;10;1;NA;1;Moquegua,
Lontra felina (Molina, 1782);Punta Apacheta Sur;-71.42861101;-17.363962;2022;10;1;NA;1;Moquegua,
Lontra felina (Molina, 1782);Punta Apacheta Norte;-71.43082917;-17.363835;2022;10;1;NA;1;Moquegua,
Lontra felina (Molina, 1782);Punta Apacheta Sur;-71.42829864;-17.363812;2022;10;1;NA;1;Moquegua,
Lontra felina (Molina, 1782);Punta Apacheta Norte;-71.43123606;-17.363307;2022;10;1;NA;1;Moquegua,
Lontra felina (Molina, 1782);Punta Apacheta Sur;-71.42668191;-17.362468;2022;7;26;NA;1;Moquegua,
Lontra felina (Molina, 1782);Punta Apacheta Norte;-71.43126818;-17.362177;2022;7;26;NA;1;Moquegua,
Lontra felina (Molina, 1782);Punta Apacheta Norte;-71.43126818;-17.362177;2022;7;26;NA;1;Moquegua,
Lontra felina (Molina, 1782);Punta Apacheta Norte;-71.43126818;-17.362177;2022;7;26;NA;1;Moquegua,
Lontra felina (Molina, 1782);Punta Apacheta Norte;-71.43126747;-17.362123;2022;10;1;NA;1;Moquegua,
Lontra felina (Molina, 1782);Punta Apacheta Norte;-71.43067629;-17.361516;2022;7;26;NA;1;Moquegua,
Lontra felina (Molina, 1782);Punta Apacheta Norte;-71.43038795;-17.358909;2022;10;1;NA;1;Moquegua,
Lontra felina (Molina, 1782);Punta Apacheta Norte;-71.43150812;-17.358263;2022;10;1;NA;1;Moquegua,
Lontra felina (Molina, 1782);Punta Apacheta Norte;-71.43186917;-17.357825;2022;10;1;NA;1;Moquegua,
Lontra felina (Molina, 1782);Punta Apacheta Norte;-71.43056567;-17.356694;2022;7;26;NA;1;Moquegua,
Lontra felina (Molina, 1782);Punta Apacheta Norte;-71.43056567;-17.356694;2022;7;26;NA;1;Moquegua,
Lontra felina (Molina, 1782);Punta Apacheta Norte;-71.43056567;-17.356694;2022;7;26;NA;1;Moquegua,
Lontra felina (Molina, 1782);Punta Apacheta Norte;-71.43056567;-17.356694;2022;7;26;NA;1;Moquegua,
Lontra felina (Molina, 1782);Acantilado Chagllanto;-71.45007433;-17.332728;2022;7;25;NA;1;Moquegua,
Lontra felina (Molina, 1782);Acantilado Chagllanto;-71.45036534;-17.332688;2022;5;21;NA;1;Moquegua,
Lontra felina (Molina, 1782);Acantilado Chagllanto;-71.45142545;-17.332494;2022;5;21;NA;1;Moquegua,
Lontra felina (Molina, 1782);Acantilado Chagllanto;-71.45171562;-17.332391;2022;5;21;NA;1;Moquegua,
Lontra felina (Molina, 1782);Acantilado Chagllanto;-71.45225102;-17.331635;2022;7;25;NA;1;Moquegua,
Lontra felina (Molina, 1782);Acantilado Chagllanto;-71.45268335;-17.330907;2022;5;21;NA;1;Moquegua,
Lontra felina (Molina, 1782);Acantilado Chagllanto;-71.45270156;-17.330862;2022;7;25;NA;1;Moquegua,
Lontra felina (Molina, 1782);Acantilado Chagllanto;-71.45361942;-17.33058;2022;5;21;NA;1;Moquegua,
Lontra felina (Molina, 1782);Acantilado Chagllanto;-71.45385377;-17.330523;2022;7;25;NA;1;Moquegua,
Lontra felina (Molina, 1782);Playa El Azangarino;-71.45487565;-17.330284;2022;5;21;NA;1;Moquegua,
Lontra felina (Molina, 1782);Playa El Azangarino;-71.45681791;-17.329953;2022;7;25;NA;1;Moquegua,
Lontra felina (Molina, 1782);Playa El Azangarino;-71.45594203;-17.329856;2022;5;21;NA;1;Moquegua,
Lontra felina (Molina, 1782);Playa El Azangarino;-71.45681515;-17.329746;2022;5;21;NA;1;Moquegua,
Lontra felina (Molina, 1782);Playa El Azangarino;-71.45731871;-17.328719;2022;5;21;NA;1;Moquegua,
Lontra felina (Molina, 1782);Playa El Azangarino;-71.45784804;-17.328215;2022;7;25;NA;1;Moquegua,
Lontra felina (Molina, 1782);Playa El Azangarino;-71.45825576;-17.327054;2022;5;21;NA;1;Moquegua,
Lontra felina (Molina, 1782);Playa El Azangarino;-71.45873132;-17.32675;2022;7;25;NA;1;Moquegua,
Lontra felina (Molina, 1782);Playa El Azangarino;-71.45945266;-17.326543;2022;7;25;NA;1;Moquegua,
Lontra felina (Molina, 1782);Playa El Azangarino;-71.45999535;-17.326337;2022;5;21;NA;1;Moquegua,
Lontra felina (Molina, 1782);Playa El Azangarino;-71.45997643;-17.326329;2022;10;7;NA;1;Moquegua,
Lontra felina (Molina, 1782);Playa El Azangarino;-71.4604356;-17.325501;2022;5;21;NA;1;Moquegua,
Lontra felina (Molina, 1782);Playa El Azangarino;-71.46051709;-17.325265;2022;7;25;NA;1;Moquegua,
Lontra felina (Molina, 1782);Playa Peńas;-71.46342724;-17.324886;2022;5;21;NA;1;Moquegua,
Lontra felina (Molina, 1782);Playa Peńas;-71.46350221;-17.324867;2022;7;25;NA;1;Moquegua,
Lontra felina (Molina, 1782);Playa Peńas;-71.46345496;-17.32485;2022;10;7;NA;1;Moquegua,
Lontra felina (Molina, 1782);Playa Peńas;-71.46345496;-17.32485;2022;10;7;NA;1;Moquegua,
Lontra felina (Molina, 1782);Playa Peńas;-71.46345496;-17.32485;2022;10;7;NA;1;Moquegua,
Lontra felina (Molina, 1782);Playa Peńas;-71.46315385;-17.324835;2022;7;25;NA;1;Moquegua,
Lontra felina (Molina, 1782);Playa Peńas;-71.46381358;-17.32424;2022;5;21;NA;1;Moquegua,
Lontra felina (Molina, 1782);Playa Peńas;-71.4651669;-17.324178;2022;7;25;NA;1;Moquegua,
Lontra felina (Molina, 1782);Playa Peńas;-71.46557156;-17.323496;2022;10;7;NA;1;Moquegua,
Lontra felina (Molina, 1782);Playa Peńas;-71.46648176;-17.323349;2022;7;25;NA;1;Moquegua,
Lontra felina (Molina, 1782);Playa Peńas;-71.46650997;-17.323349;2022;10;7;NA;1;Moquegua,
Lontra felina (Molina, 1782);Playa Peńas;-71.46592643;-17.323311;2022;5;21;NA;1;Moquegua,
Lontra felina (Molina, 1782);Playa Peńas;-71.46708325;-17.32121;2022;5;21;NA;1;Moquegua,
Lontra felina (Molina, 1782);Playa Peńas;-71.46689484;-17.321185;2022;7;25;NA;1;Moquegua,
Lontra felina (Molina, 1782);Punta Yerba Buena;-71.4752136;-17.320929;2022;7;25;NA;1;Moquegua,
Lontra felina (Molina, 1782);Punta Yerba Buena;-71.47533571;-17.320919;2022;5;21;NA;1;Moquegua,
Lontra felina (Molina, 1782);Punta Yerba Buena;-71.47522216;-17.320866;2022;10;7;NA;1;Moquegua,
Lontra felina (Molina, 1782);Playa Peńas;-71.46735819;-17.320674;2022;7;25;NA;1;Moquegua,
Lontra felina (Molina, 1782);Punta Yerba Buena;-71.47491512;-17.320409;2022;5;21;NA;1;Moquegua,
Lontra felina (Molina, 1782);Playa Peńas;-71.46740122;-17.320375;2022;10;7;NA;1;Moquegua,
Lontra felina (Molina, 1782);Punta Yerba Buena;-71.47483882;-17.320329;2022;7;25;NA;1;Moquegua,
Lontra felina (Molina, 1782);Punta Yerba Buena;-71.47532712;-17.320277;2022;5;21;NA;1;Moquegua,
Lontra felina (Molina, 1782);Punta Yerba Buena;-71.4755131;-17.320122;2022;7;25;NA;1;Moquegua,
Lontra felina (Molina, 1782);Punta Yerba Buena;-71.4755131;-17.320122;2022;7;25;NA;1;Moquegua,
Lontra felina (Molina, 1782);Punta Yerba Buena;-71.47536001;-17.319925;2022;10;7;NA;1;Moquegua,
Lontra felina (Molina, 1782);Punta Yerba Buena;-71.47494221;-17.319623;2022;5;21;NA;1;Moquegua,
Lontra felina (Molina, 1782);Punta Yerba Buena;-71.47374538;-17.31943;2022;7;25;NA;1;Moquegua,
Lontra felina (Molina, 1782);Punta Yerba Buena;-71.47370583;-17.319286;2022;10;7;NA;1;Moquegua,
Lontra felina (Molina, 1782);Punta Yerba Buena;-71.47276262;-17.319072;2022;5;21;NA;1;Moquegua,
Lontra felina (Molina, 1782);Punta Yerba Buena;-71.47285615;-17.319034;2022;7;25;NA;1;Moquegua,
Lontra felina (Molina, 1782);Punta Yerba Buena;-71.47473412;-17.318831;2022;5;21;NA;1;Moquegua,
Lontra felina (Molina, 1782);Punta Yerba Buena;-71.47250441;-17.31875;2022;10;7;NA;1;Moquegua,
Lontra felina (Molina, 1782);Punta Yerba Buena;-71.46843964;-17.318565;2022;7;25;NA;1;Moquegua,
Lontra felina (Molina, 1782);Playa Peńas;-71.4685034;-17.318411;2022;10;7;NA;1;Moquegua,
Lontra felina (Molina, 1782);Punta Yerba Buena;-71.47152901;-17.318238;2022;5;21;NA;1;Moquegua,
Lontra felina (Molina, 1782);Punta Yerba Buena;-71.47438513;-17.318049;2022;7;25;NA;1;Moquegua,
Lontra felina (Molina, 1782);Playa Peńas;-71.46887043;-17.317729;2022;10;7;NA;1;Moquegua,
Lontra felina (Molina, 1782);Punta Yerba Buena;-71.47082963;-17.317271;2022;7;25;NA;1;Moquegua,
Lontra felina (Molina, 1782);Punta Yerba Buena;-71.4741564;-17.316417;2022;7;25;NA;1;Moquegua,
Lontra felina (Molina, 1782);Punta Yerba Buena;-71.47411323;-17.316002;2022;10;7;NA;1;Moquegua,
Lontra felina (Molina, 1782);Acantilado Yerba Buena;-71.47423219;-17.315757;2022;5;21;NA;1;Moquegua,
Lontra felina (Molina, 1782);Acantilado Yerba Buena;-71.47258657;-17.313645;2022;5;21;NA;1;Moquegua,
Lontra felina (Molina, 1782);Punta Yerba Buena;-71.47305581;-17.313576;2022;10;7;NA;1;Moquegua,
Lontra felina (Molina, 1782);Acantilado Yerba Buena;-71.47300844;-17.31355;2022;5;21;NA;1;Moquegua,
Lontra felina (Molina, 1782);Punta Yerba Buena;-71.47333457;-17.312625;2022;10;7;NA;1;Moquegua,
Lontra felina (Molina, 1782);Punta Yerba Buena;-71.47169023;-17.312013;2022;5;21;NA;1;Moquegua,
Lontra felina (Molina, 1782);Acantilado Yerba Buena;-71.47370626;-17.31159;2022;7;25;NA;1;Moquegua,
Lontra felina (Molina, 1782);Punta Yerba Buena;-71.47249317;-17.310178;2022;10;7;NA;1;Moquegua,
Lontra felina (Molina, 1782);Acantilado Yerba Buena;-71.47211456;-17.309289;2022;7;25;NA;1;Moquegua,
Lontra felina (Molina, 1782);Acantilado Yerba Buena;-71.47316532;-17.308409;2022;10;7;NA;1;Moquegua,
Lontra felina (Molina, 1782);Acantilado Yerba Buena;-71.47321076;-17.308291;2022;7;25;NA;1;Moquegua,
Lontra felina (Molina, 1782);Quebrada Yerba Buena;-71.4719512;-17.30762;2022;7;25;NA;1;Moquegua,
Lontra felina (Molina, 1782);Isla grande;-71.52786082;-17.267136;2022;5;18;NA;1;Arequipa,
Lontra felina (Molina, 1782);Playa Acapulco;-71.52920371;-17.266966;2022;10;8;NA;1;Arequipa,
Lontra felina (Molina, 1782);Punta Cocotea;-71.52574274;-17.26616;2022;7;21;NA;1;Arequipa,
Lontra felina (Molina, 1782);Playa Acapulco;-71.52091682;-17.265905;2022;10;8;NA;1;Arequipa,
Lontra felina (Molina, 1782);Isla Grande;-71.52858284;-17.265556;2022;7;21;NA;1;Arequipa,
Lontra felina (Molina, 1782);Playa Acapulco;-71.52018217;-17.26511;2022;10;8;NA;1;Arequipa,
Lontra felina (Molina, 1782);Playa Acapulco;-71.52229052;-17.264614;2022;10;8;NA;1;Arequipa,
Lontra felina (Molina, 1782);Playa Acapulco;-71.51899843;-17.263779;2022;5;18;NA;1;Arequipa,
Lontra felina (Molina, 1782);Playa Acapulco;-71.52976044;-17.262298;2022;10;8;NA;1;Arequipa,
Lontra felina (Molina, 1782);Punta Cordel;-71.5635503;-17.259991;2022;10;8;NA;1;Arequipa,
Lontra felina (Molina, 1782);Punta Cordel;-71.56354956;-17.259937;2022;7;21;NA;1;Arequipa,
Lontra felina (Molina, 1782);Punta Cordel;-71.56471144;-17.259669;2022;10;8;NA;1;Arequipa,
Lontra felina (Molina, 1782);Punta Cordel;-71.56345935;-17.259532;2022;5;18;NA;1;Arequipa,
Lontra felina (Molina, 1782);Punta Cordel;-71.56550907;-17.258891;2022;7;21;NA;1;Arequipa,
Lontra felina (Molina, 1782);Punta Cordel;-71.56550907;-17.258891;2022;7;21;NA;1;Arequipa,
Lontra felina (Molina, 1782);Punta Cordel;-71.56550907;-17.258891;2022;7;21;NA;1;Arequipa,
Lontra felina (Molina, 1782);Punta Cordel;-71.56348708;-17.258818;2022;5;18;NA;1;Arequipa,
Lontra felina (Molina, 1782);Punta Cordel;-71.56348696;-17.258809;2022;10;8;NA;1;Arequipa,
Lontra felina (Molina, 1782);Punta Lobos;-71.55138824;-17.258051;2022;7;21;NA;1;Arequipa,
Lontra felina (Molina, 1782);Punta Lobos;-71.55141999;-17.257626;2022;10;8;NA;1;Arequipa,
Lontra felina (Molina, 1782);Peńón Lobos;-71.5612306;-17.25742;2022;10;8;NA;1;Arequipa,
Lontra felina (Molina, 1782);Punta Carrizales;-71.54599273;-17.257369;2022;7;21;NA;1;Arequipa,
Lontra felina (Molina, 1782);Peńón Lobos;-71.56111682;-17.257349;2022;7;21;NA;1;Arequipa,
Lontra felina (Molina, 1782);Peńón Lobos;-71.5612578;-17.257347;2022;5;18;NA;1;Arequipa,
Lontra felina (Molina, 1782);Punta Lobos;-71.55252476;-17.257305;2022;10;8;NA;1;Arequipa,
Lontra felina (Molina, 1782);Punta Lobos;-71.55274994;-17.257275;2022;7;21;NA;1;Arequipa,
Lontra felina (Molina, 1782);Quebrada Carrizales;-71.54843528;-17.257266;2022;5;18;NA;1;Arequipa,
Lontra felina (Molina, 1782);Punta Carrizales;-71.54516307;-17.25719;2022;5;18;NA;1;Arequipa,
Lontra felina (Molina, 1782);Punta Carrizales;-71.54510507;-17.257074;2022;7;21;NA;1;Arequipa,
Lontra felina (Molina, 1782);Quebrada Carrizales;-71.55052761;-17.256987;2022;5;18;NA;1;Arequipa,
Lontra felina (Molina, 1782);Quebrada Carrizales;-71.54990634;-17.256922;2022;7;21;NA;1;Arequipa,
Lontra felina (Molina, 1782);Quebrada Carrizales;-71.54989694;-17.256922;2022;7;21;NA;1;Arequipa,
Lontra felina (Molina, 1782);Punta Carrizales;-71.54784713;-17.256876;2022;7;21;NA;1;Arequipa,
Lontra felina (Molina, 1782);Quebrada Carrizales;-71.54803348;-17.256756;2022;10;8;NA;1;Arequipa,
Lontra felina (Molina, 1782);Peńón Lobos;-71.55894228;-17.256437;2022;7;21;NA;1;Arequipa,
Lontra felina (Molina, 1782);Peńón Lobos;-71.55897913;-17.256382;2022;7;21;NA;1;Arequipa,
Lontra felina (Molina, 1782);Quebrada Lagartijas;-71.56191184;-17.256381;2022;5;18;NA;1;Arequipa,
Lontra felina (Molina, 1782);Quebrada Carrizales;-71.54925931;-17.256352;2022;5;18;NA;1;Arequipa,
Lontra felina (Molina, 1782);Peńón Lobos;-71.55881849;-17.256321;2022;5;18;NA;1;Arequipa,
Lontra felina (Molina, 1782);Peńón Lobos;-71.55893127;-17.25632;2022;10;8;NA;1;Arequipa,
Lontra felina (Molina, 1782);Quebrada Lobos;-71.55436073;-17.255475;2022;7;21;NA;1;Arequipa,
Lontra felina (Molina, 1782);Punta Corío;-71.556582;-17.255356;1905;6;19;NA;1;Arequipa,
Lontra felina (Molina, 1782);Quebrada Lobos;-71.55832212;-17.25509;2022;5;18;NA;1;Arequipa,
Lontra felina (Molina, 1782);Quebrada Lobos;-71.55695915;-17.25509;2022;10;8;NA;1;Arequipa,
Lontra felina (Molina, 1782);Quebrada Lobos;-71.55518845;-17.254832;2022;7;21;NA;1;Arequipa,
Lontra felina (Molina, 1782);Quebrada Lobos;-71.55577101;-17.254816;2022;10;8;NA;1;Arequipa,
Lontra felina (Molina, 1782);Quebrada Lobos;-71.5551218;-17.25477;2022;10;8;NA;1;Arequipa,
Lontra felina (Molina, 1782);Quebrada Lagartijas;-71.54334679;-17.253609;2022;10;8;NA;1;Arequipa,
Lontra felina (Molina, 1782);Isla grande;-71.54005014;-17.253186;2022;5;18;NA;1;Arequipa,
Lontra felina (Molina, 1782);Caleta de Jesus;-71.53675354;-17.251941;2022;7;21;NA;1;Arequipa,
Lontra felina (Molina, 1782);Catarindo;-72.03968;-17.017941;NA;NA;NA;NA;1;Arequipa,
Lontra felina (Molina, 1782);Catarindo;-72.03968;-17.017941;NA;NA;NA;NA;1;Arequipa,
Lontra felina (Molina, 1782);Catarindo;-72.03968;-17.017941;NA;NA;NA;NA;1;Arequipa,
Lontra felina (Molina, 1782);Agua Lima, entre Ballenitas y Catarindo;-72.041522;-17.016436;2007;NA;NA;NA;1;Arequipa
Lontra felina (Molina, 1782);Pta. La Chira;-72.931602;-16.51915;2023;NA;NA;NA;1;Arequipa,
Lontra felina (Molina, 1782);Puerto de Huanchaco;-79.121167;-8.078278;2011;NA;NA;NA;1;La Libertad,
Lontra felina (Molina, 1782);Isla Lobos de Tierra;-80.853791;-6.443489;1964;NA;NA;NA;1;Piura,
Lontra felina (Molina, 1782);Culebras;-78.231;-9.948;2003;NA;NA;NA;1;Ancash,
Lontra felina (Molina, 1782);Lagunillas (RNP);-76.31;-13.893;2002;NA;NA;NA;1;Ica,
Lontra felina (Molina, 1782);Pta. San Nicolás;-75.25219444444444;-15.253166666666667;2003;NA;NA;NA;1;Ica,
Lontra felina (Molina, 1782);Pta. San Nicolás;-75.25219444444444;-15.253166666666667;2003;NA;NA;NA;1;Ica,
Lontra felina (Molina, 1782);La Aguada;-75.07022222222223;-15.440555555555555;1998;NA;NA;NA;1;Arequipa,
Lontra felina (Molina, 1782);La Aguada;-75.06866666666667;-15.442055555555555;1998;NA;NA;NA;1;Arequipa,
Lontra felina (Molina, 1782);Tres Hermanas;-75.0736111111111;-15.4425;2002;NA;NA;NA;1;Arequipa,
Lontra felina (Molina, 1782);La Aguada;-75.06269444444445;-15.445833333333333;2002;NA;NA;NA;1;Arequipa,
Lontra felina (Molina, 1782);La Aguada;-75.046;-15.456;1997;NA;NA;NA;1;Arequipa,
Lontra felina (Molina, 1782);La Aguada;-75.04;-15.459;1997;NA;NA;NA;1;Arequipa,
Lontra felina (Molina, 1782);La Libertad;-74.98069444444444;-15.49613888888889;2003;NA;NA;NA;1;Arequipa,
Lontra felina (Molina, 1782);La Libertad;-74.98069444444444;-15.49613888888889;2003;NA;NA;NA;1;Arequipa,
Lontra felina (Molina, 1782);El Cachucho;-74.94441666666667;-15.519;1998;NA;NA;NA;1;Arequipa,
Lontra felina (Molina, 1782);La Meca;-70.91116666666667;-17.94783333333333;2002;NA;NA;NA;1;Tacna,
Lontra felina (Molina, 1782);Morro Sama;-70.88425;-18.004805555555556;2002;NA;NA;NA;1;Tacna,
Lontra felina (Molina, 1782);Morro Sama Sur;-70.8818888888889;-18.00583333333333;2002;NA;NA;NA;1;Tacna,
Lontra felina (Molina, 1782);Morro Sama Sur;-70.8818888888889;-18.00583333333333;2002;NA;NA;NA;1;Tacna,
Lontra felina (Molina, 1782);Corío;-71.56348710083205;-17.258817619486766;2022;NA;NA;NA;1;Arequipa,
Lontra felina (Molina, 1782);Punta Cordel;-71.56345937031145;-17.25953148676654;2022;NA;NA;NA;1;NA,
Lontra felina (Molina, 1782);Quebrada lagartija;-71.5619118587607;-17.256381061977148;2022;NA;NA;NA;1;Moquegua,
Lontra felina (Molina, 1782);Peńón Lobos;-71.56125781269637;-17.257346776303738;2022;NA;NA;NA;1;Arequipa,
Lontra felina (Molina, 1782);Corío;-71.55881850661947;-17.256321139547712;2022;NA;NA;NA;1;Arequipa,
Lontra felina (Molina, 1782);Corío;-71.55832213673024;-17.255090098753985;2022;NA;NA;NA;1;Arequipa,
Lontra felina (Molina, 1782);Catedral 2;-71.55052763032238;-17.256986556918708;2022;NA;NA;NA;1;NA,
Lontra felina (Molina, 1782);Corío;-71.54925933045148;-17.25635236019428;2022;NA;NA;NA;1;Arequipa,
Lontra felina (Molina, 1782);Corío;-71.54843529944918;-17.25726600635149;2022;NA;NA;NA;1;Arequipa,
Lontra felina (Molina, 1782);Punta Carrizales;-71.54516309204146;-17.257190079477564;2022;NA;NA;NA;1;Moquegua,
Lontra felina (Molina, 1782);Playa de isla grande;-71.54005015661139;-17.253185903808564;2022;NA;NA;NA;1;NA,
Lontra felina (Molina, 1782);Isla grande;-71.52786083743023;-17.26713605130328;2022;NA;NA;NA;1;NA,
Lontra felina (Molina, 1782);Bahía club los delfines;-71.51899844749516;-17.263779126378026;2022;NA;NA;NA;1;NA,
Lontra felina (Molina, 1782);Punta Yerba Buena;-71.47532713320736;-17.320277294807987;2022;NA;NA;NA;1;Moquegua,
Lontra felina (Molina, 1782);Punta Yerba Buena;-71.47533572471177;-17.320918480237104;2022;NA;NA;NA;1;Moquegua,
Lontra felina (Molina, 1782);Punta Yerba Buena;-71.47494222218313;-17.319622696316365;2022;NA;NA;NA;1;Moquegua,
Lontra felina (Molina, 1782);Punta Yerba Buena;-71.4749151398382;-17.32040883934917;2022;NA;NA;NA;1;Moquegua,
Lontra felina (Molina, 1782);Punta Yerba Buena;-71.47473413605965;-17.318830427354705;2022;NA;NA;NA;1;Moquegua,
Lontra felina (Molina, 1782);Punta Yerba Buena;-71.47423220529198;-17.315756620384942;2022;NA;NA;NA;1;Moquegua,
Lontra felina (Molina, 1782);Punta Yerba Buena;-71.47300845237513;-17.31354979017866;2022;NA;NA;NA;1;Moquegua,
Lontra felina (Molina, 1782);Punta Yerba Buena;-71.47276263424241;-17.31907155672391;2022;NA;NA;NA;1;Moquegua,
Lontra felina (Molina, 1782);Punta Yerba Buena;-71.47258658609684;-17.313645321152364;2022;NA;NA;NA;1;Moquegua,
Lontra felina (Molina, 1782);Punta Yerba Buena;-71.47169025072267;-17.312012504533197;2022;NA;NA;NA;1;Moquegua,
Lontra felina (Molina, 1782);Punta Yerba Buena;-71.47152902603837;-17.31823774987896;2022;NA;NA;NA;1;Moquegua,
Lontra felina (Molina, 1782);Punta Yerba Buena;-71.46708326302796;-17.321210009483398;2022;NA;NA;NA;1;Moquegua,
Lontra felina (Molina, 1782);Punta Yerba Buena;-71.46592644888837;-17.323310727498292;2022;NA;NA;NA;1;Moquegua,
Lontra felina (Molina, 1782);Punta Yerba Buena;-71.46381359649344;-17.32423997398239;2022;NA;NA;NA;1;Moquegua,
Lontra felina (Molina, 1782);Punta Yerba Buena;-71.46342725367263;-17.324886024473155;2022;NA;NA;NA;1;Moquegua,
Lontra felina (Molina, 1782);Punta Yerba Buena;-71.460435616845;-17.32550088609763;2022;NA;NA;NA;1;Moquegua,
Lontra felina (Molina, 1782);Punta Yerba Buena;-71.45999537123194;-17.326337273593513;2022;NA;NA;NA;1;Moquegua,
Lontra felina (Molina, 1782);Punta Yerba Buena;-71.4582557809797;-17.327054136347204;2022;NA;NA;NA;1;Moquegua,
Lontra felina (Molina, 1782);Punta Yerba Buena;-71.45731872417511;-17.328718566154556;2022;NA;NA;NA;1;Moquegua,
Lontra felina (Molina, 1782);Punta Yerba Buena;-71.45681516328433;-17.329745406124133;2022;NA;NA;NA;1;Moquegua,
Lontra felina (Molina, 1782);Punta Yerba Buena;-71.45594204326987;-17.329855478181983;2022;NA;NA;NA;1;Moquegua,
Lontra felina (Molina, 1782);Punta Yerba Buena;-71.45487566946831;-17.330284050487563;2022;NA;NA;NA;1;Moquegua,
Lontra felina (Molina, 1782);Punta Yerba Buena;-71.4536194364865;-17.330579459522365;2022;NA;NA;NA;1;Moquegua,
Lontra felina (Molina, 1782);Punta Yerba Buena;-71.4526833694981;-17.33090706721071;2022;NA;NA;NA;1;Moquegua,
Lontra felina (Molina, 1782);Punta Yerba Buena;-71.45171563688126;-17.332391206134083;2022;NA;NA;NA;1;Moquegua,
Lontra felina (Molina, 1782);Punta Yerba Buena;-71.45142547037405;-17.332494117294864;2022;NA;NA;NA;1;Moquegua,
Lontra felina (Molina, 1782);Punta Yerba Buena;-71.45036535434994;-17.332687749086197;2022;NA;NA;NA;1;Moquegua,
Lontra felina (Molina, 1782);Pasando punta Apacheta;-71.40485585719891;-17.383045813012746;2022;NA;NA;NA;1;Moquegua,
Lontra felina (Molina, 1782);Playa Platanales;-71.40423471144442;-17.385184994847688;2022;NA;NA;NA;1;Moquegua,
Lontra felina (Molina, 1782);Segundo punto, pasando punta Apacheta;-71.40416898892448;-17.385194819142054;2022;NA;NA;NA;1;Moquegua
Lontra felina (Molina, 1782);Sendero Platanal;-71.39353058462454;-17.392521726158385;2022;NA;NA;NA;1;Moquegua,
Lontra felina (Molina, 1782);Playa Platanales vista de otro lado;-71.39345852221876;-17.39059863019641;2022;NA;NA;NA;1;Moquegua,
Lontra felina (Molina, 1782);Mas allá de NU8;-71.39274645249994;-17.392991798220624;2022;NA;NA;NA;1;NA,
Lontra felina (Molina, 1782);Tancona;-71.37178438275366;-17.693127123022446;2022;NA;NA;NA;1;Moquegua,
Lontra felina (Molina, 1782);Patio Southern;-71.35847788276413;-17.662747837418546;2023;NA;NA;NA;1;Moquegua,
Lontra felina (Molina, 1782);Cerca Caleta punta picata;-71.35824849050773;-17.663942897048077;2022;NA;NA;NA;1;Tacna,
Lontra felina (Molina, 1782);cerca Caleta punta picata;-71.35824849050773;-17.663942897048077;2022;NA;NA;NA;1;Tacna,
Lontra felina (Molina, 1782);Puerto Ingles;-71.35541259588452;-17.65743718990711;2023;NA;NA;NA;1;Moquegua,
Lontra felina (Molina, 1782);Tancona;-71.35531003189458;-17.657519710870115;2022;NA;NA;NA;1;Moquegua,
Lontra felina (Molina, 1782);Puerto internacional de Ilo;-71.34741621363573;-17.64383002568943;2023;NA;NA;NA;1;Moquegua,
Lontra felina (Molina, 1782);Glorieta puerto Ilo;-71.34552078676238;-17.643690007481748;2023;NA;NA;NA;1;Moquegua,
Lontra felina (Molina, 1782);Detrás del hotel Ilo;-71.34458010343499;-17.62632217709672;2023;NA;NA;NA;1;Moquegua,
Lontra felina (Molina, 1782);Parque del nińo;-71.34312898697074;-17.638678183043456;2023;NA;NA;NA;1;Moquegua,
Lontra felina (Molina, 1782);Parque de nińo;-71.34308212421035;-17.638696805679782;2022;NA;NA;NA;1;Moquegua,
Lontra felina (Molina, 1782);Tancona;-71.17605869886631;-17.79764188749242;2022;NA;NA;NA;1;Moquegua,
Lontra felina (Molina, 1782);Tancona;-71.17565824517288;-17.801946284611716;2022;NA;NA;NA;1;Moquegua,
Lontra felina (Molina, 1782);Tancona;-71.17494707088555;-17.799289315173656;2022;NA;NA;NA;1;Moquegua,
Lontra felina (Molina, 1782);Tancona;-71.17437841741643;-17.80294517125229;2022;NA;NA;NA;1;Moquegua,
Lontra felina (Molina, 1782);Tancona;-71.17206381455593;-17.803377404456537;2022;NA;NA;NA;1;Moquegua,
Lontra felina (Molina, 1782);Tancona;-71.17139490296216;-17.803430001595885;2022;NA;NA;NA;1;Moquegua,
Lontra felina (Molina, 1782);Tancona;-71.16947593797956;-17.804607593247894;2022;NA;NA;NA;1;Moquegua,
Lontra felina (Molina, 1782);Tancona;-71.1694281396817;-17.80689360355206;2022;NA;NA;NA;1;Moquegua,
Lontra felina (Molina, 1782);Tancona;-71.16828482866839;-17.81061003114969;2022;NA;NA;NA;1;Moquegua,
Lontra felina (Molina, 1782);Tancona;-71.16799768871587;-17.810260908943008;2022;NA;NA;NA;1;Moquegua,
Lontra felina (Molina, 1782);Tancona;-71.16520376279152;-17.81161980757335;2022;NA;NA;NA;1;Moquegua,
Lontra felina (Molina, 1782);Playa Esfinge;-71.15914410690415;-17.815110562487543;2022;NA;NA;NA;1;NA,
Lontra felina (Molina, 1782);Playa Esfinge;-71.15291294381119;-17.818476570458163;2022;NA;NA;NA;1;Tacna,
Lontra felina (Molina, 1782);punta picata;-71.10422188760013;-17.85161003148336;2022;NA;NA;NA;1;Tacna,
Lontra felina (Molina, 1782);punta picata;-71.10227682805271;-17.853862351838178;2022;NA;NA;NA;1;Tacna,
Lontra felina (Molina, 1782);Caleta la Zonza;-71.09848798868978;-17.85575508356101;2022;NA;NA;NA;1;Moquegua,
Lontra felina (Molina, 1782);Playa de arena;-71.09756095947105;-17.86197129030108;2022;NA;NA;NA;1;Tacna,
Lontra felina (Molina, 1782);Caleta punta picata (puerto);-71.095524631675;-17.867720631472658;2022;NA;NA;NA;1;Tacna,
Lontra felina (Molina, 1782);Morro sama;-70.88433172219199;-17.994302750704602;2022;NA;NA;NA;1;Tacna,
Lontra felina (Molina, 1782);Morro sama;-70.88433172219199;-17.994302750704602;2022;NA;NA;NA;1;Tacna,
